{
    "loss": 10.05953598022461,
    "accuracy": 0.5258620977401733
}